"","Year","Winners","Runnersup","Team","MP","GF","GA","PEN","SOG","SW","FKR","OFF","CK","W","D","L","Y","YCR","R","FC","FS","Loc"
"1","1930","Uruguay","Argentina","Romania",2,3,5,0,3,0,0,0,0,1,0,1,0,0,0,0,0,"Uruguay"
"2","1930","Uruguay","Argentina","Uruguay",4,15,3,0,15,0,0,0,0,4,0,0,0,0,0,0,0,"Uruguay"
"3","1930","Uruguay","Argentina","USA",3,7,6,0,7,0,0,0,0,2,0,1,0,0,0,0,0,"Uruguay"
"4","1930","Uruguay","Argentina","Yugoslavia",3,7,7,0,7,0,0,0,0,2,0,1,0,0,0,0,0,"Uruguay"
"5","1930","Uruguay","Argentina","Argentina",5,18,9,0,18,0,0,0,0,4,0,1,0,0,0,0,0,"Uruguay"
"6","1930","Uruguay","Argentina","Belgium",2,0,4,0,0,0,0,0,0,0,0,2,0,0,0,0,0,"Uruguay"
"7","1930","Uruguay","Argentina","Bolivia",2,0,8,0,0,0,0,0,0,0,0,2,0,0,0,0,0,"Uruguay"
"8","1930","Uruguay","Argentina","Brazil",2,5,2,0,5,0,0,0,0,1,0,1,0,0,0,0,0,"Uruguay"
"9","1930","Uruguay","Argentina","Chile",3,5,3,0,4,0,0,0,0,2,0,1,0,0,0,0,0,"Uruguay"
"10","1930","Uruguay","Argentina","France",3,4,3,0,4,0,0,0,0,1,0,2,0,0,0,0,0,"Uruguay"
"11","1930","Uruguay","Argentina","Mexico",3,4,13,1,4,0,0,0,0,0,0,3,0,0,0,0,0,"Uruguay"
"12","1930","Uruguay","Argentina","Paraguay",2,1,3,0,1,0,0,0,0,1,0,1,0,0,0,0,0,"Uruguay"
"13","1930","Uruguay","Argentina","Peru",2,1,4,0,1,0,0,0,0,0,0,2,0,0,1,0,0,"Uruguay"
"14","1934","Italy","Czechoslovakia","Spain",3,4,3,1,4,0,0,0,0,1,1,1,0,0,0,0,0,"Italy"
"15","1934","Italy","Czechoslovakia","Argentina",1,2,3,0,2,0,0,0,0,0,0,1,0,0,0,0,0,"Italy"
"16","1934","Italy","Czechoslovakia","Austria",4,7,7,0,7,0,0,0,0,2,0,2,0,0,0,0,0,"Italy"
"17","1934","Italy","Czechoslovakia","Belgium",1,2,5,0,2,0,0,0,0,0,0,1,0,0,0,0,0,"Italy"
"18","1934","Italy","Czechoslovakia","Brazil",1,1,3,0,1,0,0,0,0,0,0,1,0,0,0,0,0,"Italy"
"19","1934","Italy","Czechoslovakia","Czechoslovakia",4,9,6,0,9,0,0,0,0,3,0,1,0,0,0,0,0,"Italy"
"20","1934","Italy","Czechoslovakia","Egypt",1,2,4,0,2,0,0,0,0,0,0,1,0,0,0,0,0,"Italy"
"21","1934","Italy","Czechoslovakia","France",1,2,3,1,2,0,0,0,0,0,0,1,0,0,0,0,0,"Italy"
"22","1934","Italy","Czechoslovakia","Germany",4,11,8,0,11,0,0,0,0,3,0,1,0,0,0,0,0,"Italy"
"23","1934","Italy","Czechoslovakia","Hungary",2,5,4,1,5,0,0,0,0,1,0,1,0,0,1,0,0,"Italy"
"24","1934","Italy","Czechoslovakia","Italy",5,12,3,0,12,0,0,0,0,4,1,0,0,0,0,0,0,"Italy"
"25","1934","Italy","Czechoslovakia","Netherlands",1,2,3,0,2,0,0,0,0,0,0,1,0,0,0,0,0,"Italy"
"26","1934","Italy","Czechoslovakia","Romania",1,1,2,0,1,0,0,0,0,0,0,1,0,0,0,0,0,"Italy"
"27","1934","Italy","Czechoslovakia","Sweden",2,4,4,0,4,0,0,0,0,1,0,1,0,0,0,0,0,"Italy"
"28","1934","Italy","Czechoslovakia","Switzerland",2,5,5,0,5,0,0,0,0,1,0,1,0,0,0,0,0,"Italy"
"29","1934","Italy","Czechoslovakia","USA",1,1,7,0,1,0,0,0,0,0,0,1,0,0,0,0,0,"Italy"
"30","1938","Italy","Hungary","Switzerland",3,5,5,0,5,0,0,0,0,1,1,1,0,0,0,0,0,"France"
"31","1938","Italy","Hungary","Czechoslovakia",3,5,3,1,5,0,0,0,0,1,1,1,0,0,1,0,0,"France"
"32","1938","Italy","Hungary","Dutch East Indies",1,0,6,0,0,0,0,0,0,0,0,1,0,0,0,0,0,"France"
"33","1938","Italy","Hungary","France",2,4,4,0,4,0,0,0,0,1,0,1,0,0,0,0,0,"France"
"34","1938","Italy","Hungary","Germany",2,3,5,0,2,0,0,0,0,0,1,1,0,0,1,0,0,"France"
"35","1938","Italy","Hungary","Hungary",4,15,5,0,14,0,0,0,0,3,0,1,0,0,0,0,0,"France"
"36","1938","Italy","Hungary","Italy",4,11,5,1,11,0,0,0,0,4,0,0,0,0,0,0,0,"France"
"37","1938","Italy","Hungary","Netherlands",1,0,3,0,0,0,0,0,0,0,0,1,0,0,0,0,0,"France"
"38","1938","Italy","Hungary","Norway",1,1,2,0,1,0,0,0,0,0,0,1,0,0,0,0,0,"France"
"39","1938","Italy","Hungary","Poland",1,5,6,1,5,0,0,0,0,0,0,1,0,0,0,0,0,"France"
"40","1938","Italy","Hungary","Romania",2,4,5,0,4,0,0,0,0,0,1,1,0,0,0,0,0,"France"
"41","1938","Italy","Hungary","Sweden",3,11,9,0,11,0,0,0,0,1,0,2,0,0,0,0,0,"France"
"42","1938","Italy","Hungary","Belgium",1,1,3,0,1,0,0,0,0,0,0,1,0,0,0,0,0,"France"
"43","1938","Italy","Hungary","Brazil",5,14,11,0,14,0,0,0,0,3,1,1,0,0,2,0,0,"France"
"44","1938","Italy","Hungary","Cuba",3,5,12,0,5,0,0,0,0,1,1,1,0,0,0,0,0,"France"
"45","1950","Uruguay","Brazil","England",3,2,2,0,2,0,0,0,0,1,0,2,0,0,0,0,0,"Brazil"
"46","1950","Uruguay","Brazil","Italy",2,4,3,0,4,0,0,0,0,1,0,1,0,0,0,0,0,"Brazil"
"47","1950","Uruguay","Brazil","Mexico",3,2,10,1,2,0,0,0,0,0,0,3,0,0,0,0,0,"Brazil"
"48","1950","Uruguay","Brazil","Paraguay",2,2,4,0,2,0,0,0,0,0,1,1,0,0,0,0,0,"Brazil"
"49","1950","Uruguay","Brazil","Spain",6,10,12,0,10,0,0,0,0,3,1,2,0,0,0,0,0,"Brazil"
"50","1950","Uruguay","Brazil","Sweden",5,11,15,1,11,0,0,0,0,2,1,2,0,0,0,0,0,"Brazil"
"51","1950","Uruguay","Brazil","Switzerland",3,4,6,0,4,0,0,0,0,1,1,1,0,0,0,0,0,"Brazil"
"52","1950","Uruguay","Brazil","Uruguay",4,15,5,0,15,0,0,0,0,3,1,0,0,0,0,0,0,"Brazil"
"53","1950","Uruguay","Brazil","USA",3,4,8,1,4,0,0,0,0,1,0,2,0,0,0,0,0,"Brazil"
"54","1950","Uruguay","Brazil","Yugoslavia",3,7,3,0,7,0,0,0,0,2,0,1,0,0,0,0,0,"Brazil"
"55","1950","Uruguay","Brazil","Bolivia",1,0,8,0,0,0,0,0,0,0,0,1,0,0,0,0,0,"Brazil"
"56","1950","Uruguay","Brazil","Brazil",6,22,6,0,21,0,0,0,0,4,1,1,0,0,0,0,0,"Brazil"
"57","1950","Uruguay","Brazil","Chile",3,5,6,0,5,0,0,0,0,1,0,2,0,0,0,0,0,"Brazil"
"58","1954","Germany FR","Hungary","Germany FR",6,25,14,2,24,0,0,0,0,5,0,1,0,0,0,0,0,"Switzerland"
"59","1954","Germany FR","Hungary","Hungary",5,27,10,1,27,0,0,0,0,4,0,1,0,0,1,0,0,"Switzerland"
"60","1954","Germany FR","Hungary","Italy",3,6,7,1,6,0,0,0,0,1,0,2,0,0,0,0,0,"Switzerland"
"61","1954","Germany FR","Hungary","Korea Republic",2,0,16,0,0,0,0,0,0,0,0,2,0,0,0,0,0,"Switzerland"
"62","1954","Germany FR","Hungary","Mexico",2,2,8,0,2,0,0,0,0,0,0,2,0,0,0,0,0,"Switzerland"
"63","1954","Germany FR","Hungary","Scotland",2,0,8,0,0,0,0,0,0,0,0,2,0,0,0,0,0,"Switzerland"
"64","1954","Germany FR","Hungary","Switzerland",4,11,11,0,11,0,0,0,0,2,0,2,0,0,0,0,0,"Switzerland"
"65","1954","Germany FR","Hungary","Turkey",3,10,11,0,10,0,0,0,0,1,0,2,0,0,0,0,0,"Switzerland"
"66","1954","Germany FR","Hungary","Uruguay",5,16,9,0,16,0,0,0,0,3,0,2,0,0,0,0,0,"Switzerland"
"67","1954","Germany FR","Hungary","Yugoslavia",3,2,3,0,2,0,0,0,0,1,1,1,0,0,0,0,0,"Switzerland"
"68","1954","Germany FR","Hungary","Czechoslovakia",2,0,7,0,0,0,0,0,0,0,0,2,0,0,0,0,0,"Switzerland"
"69","1954","Germany FR","Hungary","England",3,8,8,0,8,0,0,0,0,1,1,1,0,0,0,0,0,"Switzerland"
"70","1954","Germany FR","Hungary","France",2,3,3,1,2,0,0,0,0,1,0,1,0,0,0,0,0,"Switzerland"
"71","1954","Germany FR","Hungary","Austria",5,17,12,1,16,0,0,0,0,4,0,1,0,0,0,0,0,"Switzerland"
"72","1954","Germany FR","Hungary","Belgium",2,5,8,0,4,0,0,0,0,0,1,1,0,0,0,0,0,"Switzerland"
"73","1954","Germany FR","Hungary","Brazil",3,8,5,1,8,0,0,0,0,1,1,1,0,0,2,0,0,"Switzerland"
"74","1958","Brazil","Sweden","Scotland",3,4,6,0,4,0,0,0,0,0,1,2,0,0,0,0,0,"Sweden"
"75","1958","Brazil","Sweden","Mexico",3,1,8,0,1,0,0,0,0,0,1,2,0,0,0,0,0,"Sweden"
"76","1958","Brazil","Sweden","Northern Ireland",5,6,10,0,6,0,0,0,0,2,1,2,0,0,0,0,0,"Sweden"
"77","1958","Brazil","Sweden","Paraguay",3,9,12,1,9,0,0,0,0,1,1,1,0,0,0,0,0,"Sweden"
"78","1958","Brazil","Sweden","Yugoslavia",4,7,7,0,7,0,0,0,0,1,2,1,0,0,0,0,0,"Sweden"
"79","1958","Brazil","Sweden","Soviet Union",5,5,6,0,5,0,0,0,0,2,1,2,0,0,0,0,0,"Sweden"
"80","1958","Brazil","Sweden","Sweden",6,12,7,1,12,0,0,0,0,4,1,1,0,0,0,0,0,"Sweden"
"81","1958","Brazil","Sweden","Wales",5,4,4,0,4,0,0,0,0,1,3,1,0,0,0,0,0,"Sweden"
"82","1958","Brazil","Sweden","France",6,23,15,1,23,0,0,0,0,4,0,2,0,0,0,0,0,"Sweden"
"83","1958","Brazil","Sweden","Germany FR",6,12,14,0,12,0,0,0,0,2,2,2,0,0,1,0,0,"Sweden"
"84","1958","Brazil","Sweden","Hungary",4,7,5,0,7,0,0,0,0,1,1,2,0,0,1,0,0,"Sweden"
"85","1958","Brazil","Sweden","Czechoslovakia",4,9,6,1,9,0,0,0,0,1,1,2,0,0,1,0,0,"Sweden"
"86","1958","Brazil","Sweden","Argentina",3,5,10,2,5,0,0,0,0,1,0,2,0,0,0,0,0,"Sweden"
"87","1958","Brazil","Sweden","Austria",3,2,7,0,2,0,0,0,0,0,1,2,0,0,0,0,0,"Sweden"
"88","1958","Brazil","Sweden","Brazil",6,16,4,0,16,0,0,0,0,5,1,0,0,0,0,0,0,"Sweden"
"89","1958","Brazil","Sweden","England",4,4,5,1,4,0,0,0,0,0,3,1,0,0,0,0,0,"Sweden"
"90","1962","Brazil","Czechoslovakia","Soviet Union",4,9,7,0,9,0,0,0,0,2,1,1,0,0,0,0,0,"Chile"
"91","1962","Brazil","Czechoslovakia","Argentina",3,2,3,0,2,0,0,0,0,1,1,1,0,0,0,0,0,"Chile"
"92","1962","Brazil","Czechoslovakia","Brazil",6,14,5,0,14,0,0,0,0,5,1,0,0,0,1,0,0,"Chile"
"93","1962","Brazil","Czechoslovakia","Bulgaria",3,1,7,0,1,0,0,0,0,0,1,2,0,0,0,0,0,"Chile"
"94","1962","Brazil","Czechoslovakia","Spain",3,2,3,0,2,0,0,0,0,1,0,2,0,0,0,0,0,"Chile"
"95","1962","Brazil","Czechoslovakia","Hungary",4,8,3,0,8,0,0,0,0,2,1,1,0,0,0,0,0,"Chile"
"96","1962","Brazil","Czechoslovakia","Italy",3,3,2,0,3,0,0,0,0,1,1,1,0,0,2,0,0,"Chile"
"97","1962","Brazil","Czechoslovakia","Mexico",3,3,4,1,3,0,0,0,0,1,0,2,0,0,0,0,0,"Chile"
"98","1962","Brazil","Czechoslovakia","Yugoslavia",6,10,7,1,10,0,0,0,0,3,0,3,0,0,1,0,0,"Chile"
"99","1962","Brazil","Czechoslovakia","Chile",6,10,8,1,10,0,0,0,0,4,0,2,0,0,1,0,0,"Chile"
"100","1962","Brazil","Czechoslovakia","Switzerland",3,2,8,0,2,0,0,0,0,0,0,3,0,0,0,0,0,"Chile"
"101","1962","Brazil","Czechoslovakia","Uruguay",3,4,6,0,4,0,0,0,0,1,0,2,0,0,1,0,0,"Chile"
"102","1962","Brazil","Czechoslovakia","England",4,5,6,2,5,0,0,0,0,1,1,2,0,0,0,0,0,"Chile"
"103","1962","Brazil","Czechoslovakia","Germany FR",4,4,2,1,4,0,0,0,0,2,1,1,0,0,0,0,0,"Chile"
"104","1962","Brazil","Czechoslovakia","Colombia",3,5,11,1,5,0,0,0,0,0,1,2,0,0,0,0,0,"Chile"
"105","1962","Brazil","Czechoslovakia","Czechoslovakia",6,7,7,1,7,0,0,0,0,3,1,2,0,0,0,0,0,"Chile"
"106","1966","England","Germany FR","Switzerland",3,1,9,0,1,0,0,0,0,0,0,3,0,0,0,0,0,"England"
"107","1966","England","Germany FR","Uruguay",4,2,5,0,2,0,0,0,0,1,2,1,1,0,2,0,0,"England"
"108","1966","England","Germany FR","Portugal",6,17,8,4,16,0,0,0,0,5,0,1,2,0,0,0,0,"England"
"109","1966","England","Germany FR","Soviet Union",6,10,6,0,10,0,0,0,0,4,0,2,3,0,1,0,0,"England"
"110","1966","England","Germany FR","Spain",3,4,5,0,4,0,0,0,0,1,0,2,1,0,0,0,0,"England"
"111","1966","England","Germany FR","Argentina",4,4,2,0,4,0,0,0,0,2,1,1,3,0,2,0,0,"England"
"112","1966","England","Germany FR","Brazil",3,4,6,0,4,0,0,0,0,1,0,2,1,0,0,0,0,"England"
"113","1966","England","Germany FR","Bulgaria",3,1,8,0,1,0,0,0,0,0,0,3,3,0,0,0,0,"England"
"114","1966","England","Germany FR","Chile",3,2,5,1,2,0,0,0,0,0,1,2,1,0,0,0,0,"England"
"115","1966","England","Germany FR","England",6,11,3,0,11,0,0,0,0,5,1,0,2,0,0,0,0,"England"
"116","1966","England","Germany FR","France",3,2,5,1,2,0,0,0,0,0,1,2,0,0,0,0,0,"England"
"117","1966","England","Germany FR","Germany FR",6,15,6,1,15,0,0,0,0,4,1,1,3,0,0,0,0,"England"
"118","1966","England","Germany FR","Hungary",4,8,7,1,7,0,0,0,0,2,0,2,0,0,0,0,0,"England"
"119","1966","England","Germany FR","Italy",3,2,2,0,2,0,0,0,0,1,0,2,0,0,0,0,0,"England"
"120","1966","England","Germany FR","Korea DPR",4,5,9,0,5,0,0,0,0,1,1,2,0,0,0,0,0,"England"
"121","1966","England","Germany FR","Mexico",3,1,3,0,1,0,0,0,0,0,2,1,0,0,0,0,0,"England"
"122","1970","Brazil","Italy","Romania",3,4,5,1,4,0,0,0,0,1,0,2,3,0,0,0,0,"Mexico"
"123","1970","Brazil","Italy","Belgium",3,4,5,1,4,0,0,0,0,1,0,2,0,0,0,0,0,"Mexico"
"124","1970","Brazil","Italy","Brazil",6,19,7,0,19,0,0,0,0,6,0,0,4,0,0,0,0,"Mexico"
"125","1970","Brazil","Italy","Bulgaria",3,5,9,0,5,0,0,0,0,0,1,2,0,0,0,0,0,"Mexico"
"126","1970","Brazil","Italy","Czechoslovakia",3,2,7,0,2,0,0,0,0,0,0,3,3,0,0,0,0,"Mexico"
"127","1970","Brazil","Italy","El Salvador",3,0,9,0,0,0,0,0,0,0,0,3,0,0,0,0,0,"Mexico"
"128","1970","Brazil","Italy","England",4,4,4,1,4,0,0,0,0,2,0,2,2,0,0,0,0,"Mexico"
"129","1970","Brazil","Italy","Germany FR",6,17,10,1,17,0,0,0,0,5,0,1,4,0,0,0,0,"Mexico"
"130","1970","Brazil","Italy","Israel",3,1,3,0,1,0,0,0,0,0,2,1,0,0,0,0,0,"Mexico"
"131","1970","Brazil","Italy","Italy",6,10,8,0,9,0,0,0,0,3,2,1,4,0,0,0,0,"Mexico"
"132","1970","Brazil","Italy","Mexico",4,6,4,1,6,0,0,0,0,2,1,1,1,0,0,0,0,"Mexico"
"133","1970","Brazil","Italy","Morocco",3,2,6,0,2,0,0,0,0,0,1,2,0,0,0,0,0,"Mexico"
"134","1970","Brazil","Italy","Peru",4,9,9,0,9,0,0,0,0,2,0,2,0,0,0,0,0,"Mexico"
"135","1970","Brazil","Italy","Soviet Union",4,6,2,0,6,0,0,0,0,2,1,1,5,0,0,0,0,"Mexico"
"136","1970","Brazil","Italy","Sweden",3,2,2,0,2,0,0,0,0,1,1,1,1,0,0,0,0,"Mexico"
"137","1970","Brazil","Italy","Uruguay",6,4,5,0,4,0,0,0,0,2,1,3,6,0,0,0,0,"Mexico"
"138","1974","Germany FR","Netherlands","Brazil",7,6,4,0,6,0,0,0,0,3,2,2,11,0,1,0,0,"Germany"
"139","1974","Germany FR","Netherlands","Germany FR",7,13,4,2,13,0,0,0,0,6,0,1,3,0,0,0,0,"Germany"
"140","1974","Germany FR","Netherlands","Haiti",3,2,14,0,2,0,0,0,0,0,0,3,3,0,0,0,0,"Germany"
"141","1974","Germany FR","Netherlands","Italy",3,5,4,0,4,0,0,0,0,1,1,1,2,0,0,0,0,"Germany"
"142","1974","Germany FR","Netherlands","Netherlands",7,15,3,3,15,0,0,0,0,5,1,1,11,0,0,0,0,"Germany"
"143","1974","Germany FR","Netherlands","Poland",7,16,5,1,16,0,0,0,0,6,0,1,5,0,0,0,0,"Germany"
"144","1974","Germany FR","Netherlands","Scotland",3,3,1,0,3,0,0,0,0,1,2,0,3,0,0,0,0,"Germany"
"145","1974","Germany FR","Netherlands","Sweden",6,7,6,0,7,0,0,0,0,2,2,2,5,0,0,0,0,"Germany"
"146","1974","Germany FR","Netherlands","Uruguay",3,1,6,0,1,0,0,0,0,0,1,2,5,0,1,0,0,"Germany"
"147","1974","Germany FR","Netherlands","Yugoslavia",6,12,7,0,12,0,0,0,0,1,2,3,10,0,0,0,0,"Germany"
"148","1974","Germany FR","Netherlands","Zaire",3,0,14,0,0,0,0,0,0,0,0,3,2,0,1,0,0,"Germany"
"149","1974","Germany FR","Netherlands","Bulgaria",3,2,5,0,1,0,0,0,0,0,2,1,2,0,0,0,0,"Germany"
"150","1974","Germany FR","Netherlands","Chile",3,1,2,0,1,0,0,0,0,0,2,1,5,0,1,0,0,"Germany"
"151","1974","Germany FR","Netherlands","German DR",6,5,5,0,4,0,0,0,0,2,2,2,10,0,0,0,0,"Germany"
"152","1974","Germany FR","Netherlands","Argentina",6,9,12,0,9,0,0,0,0,1,2,3,8,0,0,0,0,"Germany"
"153","1974","Germany FR","Netherlands","Australia",3,0,5,0,0,0,0,0,0,0,1,2,2,0,1,0,0,"Germany"
"154","1978","Argentina","Netherlands","Italy",7,9,6,0,8,0,0,0,0,4,1,2,6,0,0,0,0,"Argentina"
"155","1978","Argentina","Netherlands","Peru",6,7,12,2,7,0,0,0,0,2,1,3,7,0,0,0,0,"Argentina"
"156","1978","Argentina","Netherlands","Poland",6,6,6,0,6,0,0,0,0,3,1,2,3,0,0,0,0,"Argentina"
"157","1978","Argentina","Netherlands","Mexico",3,2,12,1,2,0,0,0,0,0,0,3,1,0,0,0,0,"Argentina"
"158","1978","Argentina","Netherlands","Netherlands",7,15,10,4,15,0,0,0,0,3,2,2,7,0,1,0,0,"Argentina"
"159","1978","Argentina","Netherlands","Sweden",3,1,3,0,1,0,0,0,0,0,1,2,2,0,0,0,0,"Argentina"
"160","1978","Argentina","Netherlands","Tunisia",3,3,2,0,3,0,0,0,0,1,1,1,1,0,0,0,0,"Argentina"
"161","1978","Argentina","Netherlands","Scotland",3,5,6,1,4,0,0,0,0,1,1,1,1,0,0,0,0,"Argentina"
"162","1978","Argentina","Netherlands","Spain",3,2,2,0,2,0,0,0,0,1,1,1,1,0,0,0,0,"Argentina"
"163","1978","Argentina","Netherlands","Germany FR",6,10,5,0,10,0,0,0,0,1,4,1,4,0,0,0,0,"Argentina"
"164","1978","Argentina","Netherlands","Hungary",3,3,8,1,3,0,0,0,0,0,0,3,4,0,2,0,0,"Argentina"
"165","1978","Argentina","Netherlands","Iran",3,2,8,0,2,0,0,0,0,0,1,2,3,0,0,0,0,"Argentina"
"166","1978","Argentina","Netherlands","Brazil",7,10,3,1,10,0,0,0,0,4,3,0,9,0,0,0,0,"Argentina"
"167","1978","Argentina","Netherlands","France",3,5,5,0,5,0,0,0,0,1,0,2,3,0,0,0,0,"Argentina"
"168","1978","Argentina","Netherlands","Argentina",7,15,4,1,15,0,0,0,0,5,1,1,4,0,0,0,0,"Argentina"
"169","1978","Argentina","Netherlands","Austria",6,7,10,1,6,0,0,0,0,3,0,3,2,0,0,0,0,"Argentina"
"170","1982","Italy","Germany FR","Cameroon",3,1,1,0,1,0,0,0,0,0,3,0,4,0,0,0,0,"Spain"
"171","1982","Italy","Germany FR","Chile",3,3,8,1,3,0,0,0,0,0,0,3,3,0,0,0,0,"Spain"
"172","1982","Italy","Germany FR","Czechoslovakia",3,2,4,2,2,0,0,0,0,0,2,1,2,0,1,0,0,"Spain"
"173","1982","Italy","Germany FR","El Salvador",3,1,13,0,1,0,0,0,0,0,0,3,5,0,0,0,0,"Spain"
"174","1982","Italy","Germany FR","England",5,6,1,0,5,0,0,0,0,3,2,0,3,0,0,0,0,"Spain"
"175","1982","Italy","Germany FR","France",7,16,12,1,22,0,0,0,0,3,2,2,6,0,0,0,0,"Spain"
"176","1982","Italy","Germany FR","Austria",5,5,4,0,5,0,0,0,0,2,1,2,6,0,0,0,0,"Spain"
"177","1982","Italy","Germany FR","Belgium",5,3,5,0,3,0,0,0,0,2,1,2,3,0,0,0,0,"Spain"
"178","1982","Italy","Germany FR","Brazil",5,15,6,0,15,0,0,0,0,4,0,1,2,0,0,0,0,"Spain"
"179","1982","Italy","Germany FR","Peru",3,2,6,0,2,0,0,0,0,0,2,1,2,0,0,0,0,"Spain"
"180","1982","Italy","Germany FR","Poland",7,11,5,0,11,0,0,0,0,3,3,1,10,0,0,0,0,"Spain"
"181","1982","Italy","Germany FR","Scotland",3,8,8,0,8,0,0,0,0,1,1,1,1,0,0,0,0,"Spain"
"182","1982","Italy","Germany FR","Soviet Union",5,7,4,0,7,0,0,0,0,2,2,1,4,0,0,0,0,"Spain"
"183","1982","Italy","Germany FR","Spain",5,4,5,2,4,0,0,0,0,1,2,2,6,0,0,0,0,"Spain"
"184","1982","Italy","Germany FR","Yugoslavia",3,2,2,1,2,0,0,0,0,1,1,1,3,0,0,0,0,"Spain"
"185","1982","Italy","Germany FR","Germany FR",7,12,10,0,18,0,0,0,0,3,2,2,8,0,0,0,0,"Spain"
"186","1982","Italy","Germany FR","Honduras",3,2,3,0,2,0,0,0,0,0,2,1,1,0,1,0,0,"Spain"
"187","1982","Italy","Germany FR","Hungary",3,12,6,0,12,0,0,0,0,1,1,1,2,0,0,0,0,"Spain"
"188","1982","Italy","Germany FR","Italy",7,12,6,0,12,0,0,0,0,4,3,0,11,0,0,0,0,"Spain"
"189","1982","Italy","Germany FR","Kuwait",3,2,6,0,2,0,0,0,0,0,1,2,3,0,0,0,0,"Spain"
"190","1982","Italy","Germany FR","New Zealand",3,2,12,0,2,0,0,0,0,0,0,3,0,0,0,0,0,"Spain"
"191","1982","Italy","Germany FR","Northern Ireland",5,5,7,0,5,0,0,0,0,1,3,1,4,0,1,0,0,"Spain"
"192","1982","Italy","Germany FR","Algeria",3,5,5,0,5,0,0,0,0,2,0,1,2,0,0,0,0,"Spain"
"193","1982","Italy","Germany FR","Argentina",5,8,7,1,8,0,0,0,0,2,0,3,7,0,2,0,0,"Spain"
"194","1986","Argentina","Germany FR","Morocco",4,3,2,0,3,0,0,0,0,1,2,1,5,0,0,0,0,"Mexico"
"195","1986","Argentina","Germany FR","Poland",4,1,7,0,1,0,0,0,0,1,1,2,5,0,0,0,0,"Mexico"
"196","1986","Argentina","Germany FR","Portugal",3,2,4,0,2,0,0,0,0,1,0,2,1,0,0,0,0,"Mexico"
"197","1986","Argentina","Germany FR","Northern Ireland",3,2,6,0,2,0,0,0,0,0,1,2,5,0,0,0,0,"Mexico"
"198","1986","Argentina","Germany FR","Paraguay",4,4,6,0,4,0,0,0,0,1,2,1,5,0,0,0,0,"Mexico"
"199","1986","Argentina","Germany FR","Spain",5,11,4,2,16,0,0,0,0,3,1,1,7,0,0,0,0,"Mexico"
"200","1986","Argentina","Germany FR","Uruguay",4,2,8,1,2,0,0,0,0,0,2,2,11,0,2,0,0,"Mexico"
"201","1986","Argentina","Germany FR","Scotland",3,1,3,0,1,0,0,0,0,0,1,2,5,0,0,0,0,"Mexico"
"202","1986","Argentina","Germany FR","Soviet Union",4,12,5,2,11,0,0,0,0,2,1,1,2,0,0,0,0,"Mexico"
"203","1986","Argentina","Germany FR","Italy",4,5,6,1,4,0,0,0,0,1,2,1,7,0,0,0,0,"Mexico"
"204","1986","Argentina","Germany FR","Algeria",3,1,5,0,1,0,0,0,0,0,1,2,2,0,0,0,0,"Mexico"
"205","1986","Argentina","Germany FR","Argentina",7,14,5,0,14,0,0,0,0,6,1,0,12,0,0,0,0,"Mexico"
"206","1986","Argentina","Germany FR","Belgium",7,12,15,1,17,0,0,0,0,2,2,3,8,0,0,0,0,"Mexico"
"207","1986","Argentina","Germany FR","Brazil",5,10,1,2,15,0,0,0,0,4,1,0,3,0,0,0,0,"Mexico"
"208","1986","Argentina","Germany FR","Bulgaria",4,2,6,0,2,0,0,0,0,0,2,2,3,0,0,0,0,"Mexico"
"209","1986","Argentina","Germany FR","Canada",3,0,5,0,0,0,0,0,0,0,0,3,2,0,1,0,0,"Mexico"
"210","1986","Argentina","Germany FR","Denmark",4,10,6,2,10,0,0,0,0,3,0,1,4,0,1,0,0,"Mexico"
"211","1986","Argentina","Germany FR","England",5,7,3,0,7,0,0,0,0,2,1,2,8,0,1,0,0,"Mexico"
"212","1986","Argentina","Germany FR","France",7,12,6,1,17,0,0,0,0,4,2,1,6,0,0,0,0,"Mexico"
"213","1986","Argentina","Germany FR","Germany FR",7,8,7,0,12,0,0,0,0,3,2,2,8,0,1,0,0,"Mexico"
"214","1986","Argentina","Germany FR","Hungary",3,2,9,0,2,0,0,0,0,1,0,2,0,0,0,0,0,"Mexico"
"215","1986","Argentina","Germany FR","Iraq",3,1,4,0,1,0,0,0,0,0,0,3,8,0,1,0,0,"Mexico"
"216","1986","Argentina","Germany FR","Korea Republic",3,4,7,0,4,0,0,0,0,0,1,2,6,0,0,0,0,"Mexico"
"217","1986","Argentina","Germany FR","Mexico",5,6,2,0,9,0,0,0,0,3,2,0,10,0,1,0,0,"Mexico"
"218","1990","Germany FR","Argentina","Germany FR",7,15,5,2,19,0,0,0,0,5,2,0,8,0,1,0,0,"Italy"
"219","1990","Germany FR","Argentina","Netherlands",4,3,4,1,3,0,0,0,0,0,3,1,5,0,1,0,0,"Italy"
"220","1990","Germany FR","Argentina","Republic of Ireland",5,2,3,0,7,0,0,0,0,0,4,1,4,0,0,0,0,"Italy"
"221","1990","Germany FR","Argentina","Romania",4,4,3,1,9,0,0,0,0,1,2,1,7,0,0,0,0,"Italy"
"222","1990","Germany FR","Argentina","Scotland",3,2,3,1,2,0,0,0,0,1,0,2,3,0,0,0,0,"Italy"
"223","1990","Germany FR","Argentina","Soviet Union",3,4,4,0,4,0,0,0,0,1,0,2,3,0,1,0,0,"Italy"
"224","1990","Germany FR","Argentina","Spain",4,6,4,1,6,0,0,0,0,2,1,1,4,0,0,0,0,"Italy"
"225","1990","Germany FR","Argentina","Sweden",3,3,6,0,3,0,0,0,0,0,0,3,4,0,0,0,0,"Italy"
"226","1990","Germany FR","Argentina","United Arab Emirates",3,2,11,0,2,0,0,0,0,0,0,3,6,0,0,0,0,"Italy"
"227","1990","Germany FR","Argentina","Uruguay",4,2,5,0,2,0,0,0,0,1,1,2,9,0,0,0,0,"Italy"
"228","1990","Germany FR","Argentina","USA",3,2,8,0,2,0,0,0,0,0,0,3,6,0,1,0,0,"Italy"
"229","1990","Germany FR","Argentina","Yugoslavia",5,8,6,0,13,0,0,0,0,3,1,1,7,0,1,0,0,"Italy"
"230","1990","Germany FR","Argentina","Italy",7,10,2,1,15,0,0,0,0,6,1,0,6,0,0,0,0,"Italy"
"231","1990","Germany FR","Argentina","Korea Republic",3,1,6,0,1,0,0,0,0,0,0,3,6,0,1,0,0,"Italy"
"232","1990","Germany FR","Argentina","Brazil",4,4,2,0,4,0,0,0,0,3,0,1,7,0,1,0,0,"Italy"
"233","1990","Germany FR","Argentina","Argentina",7,5,4,0,14,0,0,0,0,2,3,2,21,0,3,0,0,"Italy"
"234","1990","Germany FR","Argentina","Austria",3,2,3,0,2,0,0,0,0,1,0,2,8,0,1,0,0,"Italy"
"235","1990","Germany FR","Argentina","Belgium",4,6,4,0,6,0,0,0,0,2,0,2,0,0,1,0,0,"Italy"
"236","1990","Germany FR","Argentina","Czechoslovakia",5,10,5,2,10,0,0,0,0,3,0,2,13,0,1,0,0,"Italy"
"237","1990","Germany FR","Argentina","Cameroon",5,7,9,1,7,0,0,0,0,3,0,2,14,0,2,0,0,"Italy"
"238","1990","Germany FR","Argentina","Colombia",4,4,4,0,4,0,0,0,0,1,1,2,5,0,0,0,0,"Italy"
"239","1990","Germany FR","Argentina","Costa Rica",4,4,6,0,4,0,0,0,0,2,0,2,6,0,0,0,0,"Italy"
"240","1990","Germany FR","Argentina","Egypt",3,1,2,1,1,0,0,0,0,0,2,1,4,0,0,0,0,"Italy"
"241","1990","Germany FR","Argentina","England",7,8,6,2,13,0,0,0,0,3,3,1,6,0,0,0,0,"Italy"
"242","1994","Brazil","Italy","USA",4,3,4,0,2,0,0,0,0,1,1,2,7,1,0,0,0,"USA"
"243","1994","Brazil","Italy","Colombia",3,4,5,0,4,0,0,0,0,1,0,2,7,0,0,0,0,"USA"
"244","1994","Brazil","Italy","Germany",5,9,7,1,9,0,0,0,0,3,1,1,13,0,0,0,0,"USA"
"245","1994","Brazil","Italy","Greece",3,0,10,0,0,0,0,0,0,0,0,3,8,0,0,0,0,"USA"
"246","1994","Brazil","Italy","Italy",7,8,5,1,13,0,0,0,0,4,2,1,11,0,2,0,0,"USA"
"247","1994","Brazil","Italy","Korea Republic",3,4,5,0,4,0,0,0,0,0,2,1,6,0,0,0,0,"USA"
"248","1994","Brazil","Italy","Mexico",4,4,4,1,8,0,0,0,0,1,2,1,9,1,0,0,0,"USA"
"249","1994","Brazil","Italy","Morocco",3,2,5,0,2,0,0,0,0,0,0,3,10,0,0,0,0,"USA"
"250","1994","Brazil","Italy","Argentina",4,8,6,2,8,0,0,0,0,2,0,2,9,0,0,0,0,"USA"
"251","1994","Brazil","Italy","Belgium",4,4,4,0,4,0,0,0,0,2,0,2,6,0,0,0,0,"USA"
"252","1994","Brazil","Italy","Bolivia",3,1,4,0,1,0,0,0,0,0,1,2,6,1,1,0,0,"USA"
"253","1994","Brazil","Italy","Brazil",7,11,3,1,15,0,0,0,0,5,2,0,8,0,1,0,0,"USA"
"254","1994","Brazil","Italy","Bulgaria",7,10,11,3,14,0,0,0,0,3,1,3,19,2,0,0,0,"USA"
"255","1994","Brazil","Italy","Cameroon",3,3,11,0,3,0,0,0,0,0,1,2,5,0,1,0,0,"USA"
"256","1994","Brazil","Italy","Saudi Arabia",4,5,6,1,5,0,0,0,0,2,0,2,10,0,0,0,0,"USA"
"257","1994","Brazil","Italy","Spain",5,10,6,2,10,0,0,0,0,2,2,1,13,0,1,0,0,"USA"
"258","1994","Brazil","Italy","Sweden",7,15,8,1,21,0,0,0,0,3,3,1,12,1,1,0,0,"USA"
"259","1994","Brazil","Italy","Switzerland",4,5,7,0,5,0,0,0,0,1,1,2,8,0,0,0,0,"USA"
"260","1994","Brazil","Italy","Nigeria",4,7,4,0,7,0,0,0,0,2,0,2,9,0,0,0,0,"USA"
"261","1994","Brazil","Italy","Norway",3,1,1,0,1,0,0,0,0,1,1,1,6,0,0,0,0,"USA"
"262","1994","Brazil","Italy","Republic of Ireland",4,2,4,0,2,0,0,0,0,1,1,2,8,0,0,0,0,"USA"
"263","1994","Brazil","Italy","Netherlands",5,8,6,0,8,0,0,0,0,3,0,2,12,0,0,0,0,"USA"
"264","1994","Brazil","Italy","Russia",3,7,6,2,7,0,0,0,0,1,0,2,7,1,0,0,0,"USA"
"265","1994","Brazil","Italy","Romania",5,10,9,0,16,0,0,0,0,3,1,1,12,0,1,0,0,"USA"
"266","1998","France","Brazil","USA",3,1,5,0,1,0,0,0,0,0,0,3,4,0,0,0,0,"France"
"267","1998","France","Brazil","Yugoslavia",4,5,4,0,5,0,0,0,0,2,1,1,7,0,0,0,0,"France"
"268","1998","France","Brazil","Tunisia",3,1,4,1,1,0,0,0,0,0,1,2,7,0,0,0,0,"France"
"269","1998","France","Brazil","Saudi Arabia",3,2,7,2,2,0,0,0,0,0,1,2,4,0,1,0,0,"France"
"270","1998","France","Brazil","Scotland",3,2,6,1,2,0,0,0,0,0,1,2,4,0,1,0,0,"France"
"271","1998","France","Brazil","South Africa",3,3,6,1,3,0,0,0,0,0,2,1,7,0,1,0,0,"France"
"272","1998","France","Brazil","Spain",3,8,4,1,7,0,0,0,0,1,1,1,7,0,0,0,0,"France"
"273","1998","France","Brazil","Italy",5,8,3,1,13,0,0,0,0,3,2,0,11,0,0,0,0,"France"
"274","1998","France","Brazil","Jamaica",3,3,9,0,3,0,0,0,0,1,0,2,4,1,0,0,0,"France"
"275","1998","France","Brazil","Japan",3,1,4,0,1,0,0,0,0,0,0,3,7,0,0,0,0,"France"
"276","1998","France","Brazil","Korea Republic",3,2,9,0,2,0,0,0,0,0,1,2,7,0,1,0,0,"France"
"277","1998","France","Brazil","Mexico",4,8,7,1,8,0,0,0,0,1,2,1,10,0,2,0,0,"France"
"278","1998","France","Brazil","Morocco",3,5,5,0,5,0,0,0,0,1,1,1,4,0,0,0,0,"France"
"279","1998","France","Brazil","Netherlands",7,13,7,0,17,0,0,0,0,3,3,1,9,1,1,0,0,"France"
"280","1998","France","Brazil","Nigeria",4,6,9,0,5,0,0,0,0,2,0,2,8,0,0,0,0,"France"
"281","1998","France","Brazil","Norway",4,5,5,1,4,0,0,0,0,1,2,1,7,0,0,0,0,"France"
"282","1998","France","Brazil","Paraguay",4,3,2,0,3,0,0,0,0,1,2,1,8,0,0,0,0,"France"
"283","1998","France","Brazil","Romania",4,4,3,0,4,0,0,0,0,2,1,1,10,0,0,0,0,"France"
"284","1998","France","Brazil","France",7,15,2,1,19,0,0,0,0,6,1,0,11,1,2,0,0,"France"
"285","1998","France","Brazil","Germany",5,8,6,0,7,0,0,0,0,3,1,1,12,0,1,0,0,"France"
"286","1998","France","Brazil","Argentina",5,10,4,2,15,0,0,0,0,3,1,1,11,0,1,0,0,"France"
"287","1998","France","Brazil","Austria",3,3,4,1,3,0,0,0,0,0,2,1,6,0,0,0,0,"France"
"288","1998","France","Brazil","Belgium",3,3,3,0,3,0,0,0,0,0,3,0,4,0,1,0,0,"France"
"289","1998","France","Brazil","Brazil",7,14,10,1,17,0,0,0,0,4,1,2,12,0,0,0,0,"France"
"290","1998","France","Brazil","Bulgaria",3,1,7,0,1,0,0,0,0,0,1,2,6,1,0,0,0,"France"
"291","1998","France","Brazil","Cameroon",3,2,5,0,2,0,0,0,0,0,2,1,6,0,3,0,0,"France"
"292","1998","France","Brazil","Chile",4,5,8,0,5,0,0,0,0,0,3,1,13,0,0,0,0,"France"
"293","1998","France","Brazil","Colombia",3,1,3,0,1,0,0,0,0,1,0,2,5,0,0,0,0,"France"
"294","1998","France","Brazil","Croatia",7,11,5,1,11,0,0,0,0,5,0,2,19,0,0,0,0,"France"
"295","1998","France","Brazil","Denmark",5,9,7,1,9,0,0,0,0,2,1,2,12,0,2,0,0,"France"
"296","1998","France","Brazil","England",4,7,4,1,12,0,0,0,0,2,1,1,5,0,1,0,0,"France"
"297","1998","France","Brazil","Iran",3,2,4,0,2,0,0,0,0,1,0,2,3,0,0,0,0,"France"
"298","2002","Brazil","Germany","Paraguay",4,6,7,0,24,26,0,13,17,1,1,2,9,1,1,80,70,"Korea/Japan"
"299","2002","Brazil","Germany","Poland",3,3,7,0,14,18,0,12,15,1,0,2,9,0,0,64,43,"Korea/Japan"
"300","2002","Brazil","Germany","Republic of Ireland",4,6,3,1,25,25,0,7,21,1,3,0,4,0,0,67,69,"Korea/Japan"
"301","2002","Brazil","Germany","Russia",3,4,4,1,17,24,0,10,10,1,0,2,9,0,0,64,63,"Korea/Japan"
"302","2002","Brazil","Germany","Saudi Arabia",3,0,12,0,10,16,0,8,4,0,0,3,3,0,0,39,57,"Korea/Japan"
"303","2002","Brazil","Germany","Senegal",5,7,6,1,23,31,0,21,22,2,2,1,14,0,1,101,95,"Korea/Japan"
"304","2002","Brazil","Germany","Slovenia",3,2,7,0,17,16,0,3,12,0,0,3,10,0,1,57,50,"Korea/Japan"
"305","2002","Brazil","Germany","South Africa",3,5,5,1,17,15,0,5,12,1,1,1,10,0,0,59,43,"Korea/Japan"
"306","2002","Brazil","Germany","Spain",5,10,5,2,45,34,0,25,28,3,2,0,7,0,0,74,101,"Korea/Japan"
"307","2002","Brazil","Germany","Sweden",4,5,5,1,22,17,0,10,17,1,2,1,6,0,0,70,67,"Korea/Japan"
"308","2002","Brazil","Germany","Tunisia",3,1,5,0,6,16,0,6,17,0,1,2,8,0,0,57,49,"Korea/Japan"
"309","2002","Brazil","Germany","Turkey",7,10,6,0,32,30,0,21,39,4,1,2,17,1,1,119,117,"Korea/Japan"
"310","2002","Brazil","Germany","Uruguay",3,4,5,1,18,16,0,6,19,0,2,1,10,0,0,57,48,"Korea/Japan"
"311","2002","Brazil","Germany","USA",5,7,7,0,30,24,0,14,21,2,1,2,14,0,0,90,85,"Korea/Japan"
"312","2002","Brazil","Germany","Portugal",3,6,4,0,16,16,0,7,12,1,0,2,6,1,1,54,64,"Korea/Japan"
"313","2002","Brazil","Germany","Croatia",3,2,3,0,16,12,0,11,23,1,0,2,3,0,1,55,64,"Korea/Japan"
"314","2002","Brazil","Germany","Denmark",4,5,5,1,15,14,0,9,19,2,1,1,9,0,0,66,60,"Korea/Japan"
"315","2002","Brazil","Germany","Ecuador",3,2,4,0,13,12,0,6,15,1,0,2,9,0,0,59,46,"Korea/Japan"
"316","2002","Brazil","Germany","England",5,6,3,1,24,28,0,11,20,2,2,1,6,0,0,74,80,"Korea/Japan"
"317","2002","Brazil","Germany","France",3,0,3,0,26,16,0,9,24,0,1,2,3,0,1,49,65,"Korea/Japan"
"318","2002","Brazil","Germany","Germany",7,14,3,0,40,60,0,16,49,5,1,1,16,1,0,133,141,"Korea/Japan"
"319","2002","Brazil","Germany","Italy",4,5,5,0,26,22,0,20,25,1,1,2,10,1,0,85,86,"Korea/Japan"
"320","2002","Brazil","Germany","Japan",4,5,3,0,17,20,0,4,20,2,1,1,6,0,0,99,96,"Korea/Japan"
"321","2002","Brazil","Germany","Korea Republic",7,8,6,0,49,45,0,12,53,3,2,2,14,0,0,133,128,"Korea/Japan"
"322","2002","Brazil","Germany","Mexico",4,4,4,1,19,19,0,14,16,2,1,1,8,0,1,63,70,"Korea/Japan"
"323","2002","Brazil","Germany","Nigeria",3,1,3,0,11,20,0,7,11,0,1,2,2,0,0,46,33,"Korea/Japan"
"324","2002","Brazil","Germany","Cameroon",3,2,3,0,14,16,0,11,20,1,1,1,8,1,0,55,49,"Korea/Japan"
"325","2002","Brazil","Germany","China PR",3,0,9,0,10,9,0,5,16,0,0,3,5,0,1,41,52,"Korea/Japan"
"326","2002","Brazil","Germany","Costa Rica",3,5,6,0,18,25,0,16,19,1,1,1,6,0,0,48,31,"Korea/Japan"
"327","2002","Brazil","Germany","Belgium",4,6,7,0,22,26,0,7,27,1,2,1,6,0,0,84,87,"Korea/Japan"
"328","2002","Brazil","Germany","Brazil",7,18,4,2,54,39,0,26,34,7,0,0,7,0,1,106,115,"Korea/Japan"
"329","2002","Brazil","Germany","Argentina",3,2,2,0,18,27,0,15,33,1,1,1,6,0,1,52,61,"Korea/Japan"
"330","2006","Italy","France","Italy",7,12,2,1,53,35,8,34,44,5,2,0,11,0,2,106,152,"Germany"
"331","2006","Italy","France","Ghana",4,4,6,1,23,38,2,25,17,2,0,2,16,1,0,100,55,"Germany"
"332","2006","Italy","France","Iran",3,2,6,0,19,11,1,7,9,0,1,2,8,0,0,58,66,"Germany"
"333","2006","Italy","France","Netherlands",4,3,2,0,26,24,7,12,19,2,1,1,12,2,0,85,53,"Germany"
"334","2006","Italy","France","Japan",3,2,7,0,10,17,4,8,11,0,1,2,7,0,0,39,45,"Germany"
"335","2006","Italy","France","Korea Republic",3,3,4,0,16,20,4,6,11,1,1,1,9,0,0,46,44,"Germany"
"336","2006","Italy","France","Mexico",4,5,5,0,22,24,4,5,22,1,1,2,10,1,0,91,84,"Germany"
"337","2006","Italy","France","England",5,6,2,0,33,38,4,10,30,3,2,0,9,0,1,75,79,"Germany"
"338","2006","Italy","France","France",7,9,3,2,39,42,2,29,41,4,3,0,16,0,1,125,126,"Germany"
"339","2006","Italy","France","Germany",7,14,6,0,54,63,8,21,33,5,1,1,12,0,0,125,133,"Germany"
"340","2006","Italy","France","Sweden",4,3,4,0,25,24,3,7,30,1,2,1,8,1,0,66,51,"Germany"
"341","2006","Italy","France","Switzerland",4,4,0,0,28,21,6,8,22,2,2,0,12,0,0,64,73,"Germany"
"342","2006","Italy","France","Togo",3,1,6,0,12,15,3,13,9,0,0,3,8,1,0,57,41,"Germany"
"343","2006","Italy","France","Trinidad and Tobago",3,0,4,0,7,15,0,6,5,0,1,2,8,1,0,50,37,"Germany"
"344","2006","Italy","France","Tunisia",3,3,6,0,8,11,3,12,7,0,1,2,12,1,0,65,37,"Germany"
"345","2006","Italy","France","Ukraine",5,5,7,1,30,30,3,13,19,2,1,2,12,0,1,108,93,"Germany"
"346","2006","Italy","France","USA",3,2,6,0,4,17,1,7,12,0,1,2,3,1,1,55,60,"Germany"
"347","2006","Italy","France","Paraguay",3,2,2,0,14,25,2,7,11,1,0,2,8,0,0,46,49,"Germany"
"348","2006","Italy","France","Poland",3,2,4,0,13,9,4,6,23,1,0,2,8,1,0,46,48,"Germany"
"349","2006","Italy","France","Portugal",7,7,5,2,56,49,8,19,44,4,1,2,20,2,0,121,116,"Germany"
"350","2006","Italy","France","Saudi Arabia",3,2,7,0,9,17,6,6,10,0,1,2,5,0,0,58,60,"Germany"
"351","2006","Italy","France","Serbia and Montenegro",3,2,10,0,8,13,5,3,11,0,0,3,10,1,1,59,47,"Germany"
"352","2006","Italy","France","Spain",4,9,4,3,35,34,5,3,37,3,0,1,6,0,0,71,77,"Germany"
"353","2006","Italy","France","Australia",4,5,6,1,27,27,4,9,20,1,1,2,9,1,0,98,56,"Germany"
"354","2006","Italy","France","Brazil",5,10,2,0,37,31,6,15,31,4,0,1,11,0,0,75,91,"Germany"
"355","2006","Italy","France","Angola",3,1,2,0,11,23,3,14,13,0,2,1,9,1,0,74,52,"Germany"
"356","2006","Italy","France","Argentina",5,11,3,0,30,27,3,24,28,3,2,0,12,0,1,101,106,"Germany"
"357","2006","Italy","France","Croatia",3,2,3,0,12,21,2,12,22,0,2,1,7,2,0,59,61,"Germany"
"358","2006","Italy","France","Czech Republic",3,3,4,0,17,18,2,14,15,1,0,2,5,1,1,53,51,"Germany"
"359","2006","Italy","France","Cote d'Ivoire",3,5,6,2,23,26,2,11,23,1,0,2,7,1,0,45,55,"Germany"
"360","2006","Italy","France","Costa Rica",3,3,9,0,11,17,3,9,9,0,0,3,8,0,0,49,49,"Germany"
"361","2006","Italy","France","Ecuador",4,5,4,0,18,22,5,11,17,2,0,2,9,0,0,79,62,"Germany"
"362","2010","Spain","Netherlands","Uruguay",7,11,8,1,46,38,12,20,36,3,2,2,9,1,1,99,110,"South Africa"
"363","2010","Spain","Netherlands","USA",4,5,5,1,26,32,6,4,17,1,2,1,9,0,0,54,62,"South Africa"
"364","2010","Spain","Netherlands","Algeria",3,0,2,0,7,24,4,9,13,0,1,2,4,2,0,51,30,"South Africa"
"365","2010","Spain","Netherlands","Argentina",5,10,6,0,43,29,8,12,33,4,0,1,7,0,0,65,77,"South Africa"
"366","2010","Spain","Netherlands","Australia",3,3,6,0,14,14,4,4,13,1,1,1,7,0,2,62,36,"South Africa"
"367","2010","Spain","Netherlands","Brazil",5,9,4,0,31,42,5,6,34,3,1,1,7,1,1,78,76,"South Africa"
"368","2010","Spain","Netherlands","Cote d'Ivoire",3,4,3,0,20,19,3,8,16,1,1,1,5,0,0,57,42,"South Africa"
"369","2010","Spain","Netherlands","Cameroon",3,2,5,1,15,20,3,6,16,0,0,3,5,0,0,56,41,"South Africa"
"370","2010","Spain","Netherlands","Chile",4,3,5,0,19,25,4,17,20,2,0,2,13,1,0,79,68,"South Africa"
"371","2010","Spain","Netherlands","Denmark",3,3,6,0,16,16,3,3,11,1,0,2,6,0,0,55,27,"South Africa"
"372","2010","Spain","Netherlands","England",4,3,5,0,31,24,6,9,35,1,2,1,6,0,0,51,47,"South Africa"
"373","2010","Spain","Netherlands","France",3,1,4,0,11,19,7,12,14,0,1,2,6,0,1,53,47,"South Africa"
"374","2010","Spain","Netherlands","Germany",7,16,5,0,42,42,4,23,44,5,0,2,11,1,0,75,80,"South Africa"
"375","2010","Spain","Netherlands","Ghana",5,5,4,2,32,50,6,10,26,2,2,1,11,0,0,90,60,"South Africa"
"376","2010","Spain","Netherlands","Greece",3,2,5,0,16,18,0,7,23,1,0,2,5,0,0,40,35,"South Africa"
"377","2010","Spain","Netherlands","Honduras",3,0,3,0,4,14,3,18,9,0,1,2,7,0,0,52,40,"South Africa"
"378","2010","Spain","Netherlands","Italy",3,4,5,1,18,18,2,7,26,0,2,1,5,0,0,43,58,"South Africa"
"379","2010","Spain","Netherlands","Japan",4,4,2,0,27,17,4,11,12,2,1,1,7,0,0,70,92,"South Africa"
"380","2010","Spain","Netherlands","Korea DPR",3,1,12,0,11,20,5,6,4,0,0,3,2,0,0,26,43,"South Africa"
"381","2010","Spain","Netherlands","Korea Republic",4,6,8,0,22,24,10,3,18,1,1,2,6,0,0,57,59,"South Africa"
"382","2010","Spain","Netherlands","Mexico",4,4,5,1,18,29,5,14,17,1,1,2,9,0,0,84,63,"South Africa"
"383","2010","Spain","Netherlands","Netherlands",7,12,6,0,46,34,14,29,31,6,0,1,22,1,0,126,116,"South Africa"
"384","2010","Spain","Netherlands","New Zealand",3,2,2,0,3,10,0,3,3,0,3,0,6,0,0,61,35,"South Africa"
"385","2010","Spain","Netherlands","Nigeria",3,3,5,1,9,20,5,1,8,0,1,2,5,0,1,45,32,"South Africa"
"386","2010","Spain","Netherlands","Paraguay",5,3,2,0,26,28,3,7,14,1,3,1,9,0,0,97,79,"South Africa"
"387","2010","Spain","Netherlands","Portugal",4,7,1,0,21,27,6,8,16,1,2,1,8,0,1,60,48,"South Africa"
"388","2010","Spain","Netherlands","Serbia",3,2,3,0,11,26,2,13,11,1,0,2,8,1,0,30,61,"South Africa"
"389","2010","Spain","Netherlands","Slovakia",4,5,7,1,11,19,1,8,21,1,1,2,11,0,0,68,65,"South Africa"
"390","2010","Spain","Netherlands","Slovenia",3,3,3,0,14,7,5,7,7,1,1,1,9,0,0,44,50,"South Africa"
"391","2010","Spain","Netherlands","South Africa",3,3,5,0,18,17,4,9,12,1,1,1,4,0,1,43,31,"South Africa"
"392","2010","Spain","Netherlands","Spain",7,8,2,0,46,58,9,12,56,6,0,1,8,0,0,81,134,"South Africa"
"393","2010","Spain","Netherlands","Switzerland",3,1,1,0,9,17,6,3,11,1,1,1,8,0,1,59,38,"South Africa"
